{"PASTA": 0.002, "SPRING ONION": 0.0054, "SUN DRIED TOMATOES": 0.0157, "RED CHILLI": 0.52, "RICE": 0.0014000000000000002, "PEANUTS": 0.016, "SOY SAUCE": 0.0128, "VERMICELLI": 0.008, "ASPARAGUS": 0.04, "PEPPER": 0.59, "SNOW PEA": "", "PINEAPPLE": 0.00282, "WASABI PEAS": 0.018, "BEANSPROUT": "", "PARMESAN": 0.016, "SHITAKE MUSHROOMS": 0.0356, "MUSHROOMS": 0.013, "SNOW PEAS": 0.013, "CHICKEN BREAST": 0.013, "GARLIC": 1.25, "GINGER": 0.05, "COOKING SAKE": 0.02, "LIME": 0.8, "BREAD": 0.0049, "TOMATO": 0.011699999999999999, "BACON": 0.0217, "ROCKET": 0.0625, "CHICKEN THIGH": 0.0115, "COCONUT MILK": 0.0024, "PECORINO": 0.04, "POTATO": 0.72, "LEMONGRASS": 0.004, "LEMON": 0.007, "RED MISO PASTE": 0.14, "SILKEN TOFU": 0.14, "MOZARELLA": 0.14, "PEANUT BUTTER": 0.0083, "BASIL": 0.0083, "EGG": 0.0064, "LETTUCE": 4.0, "RICE NOODLE": 0.0098, "ONION": 0.0029, "BEEF CHUCK": 0.044000000000000004, "JASMINE RICE": 0.003, "DASHI": 0.015700000000000002, "FIRM TOFU": 0.00667, "CURRY SAUCE MIX": 0.0489, "GREEN CHILLI": 0.57, "CARROT": 0.002}